technology,node,0,1,2
natural_gas_storage,CH,4.337413999917502e-07,4.752463755065367e-07,5.191466888772719e-07
natural_gas_storage,DE,8.126973271535389e-07,8.284012598384109e-07,8.491241514189628e-07
vanadium_redox_flow_battery,CH,14.644427651906387,31.61226613968215,42.359747793124214
vanadium_redox_flow_battery,DE,204.58528299347012,432.05731181339956,617.3178291189056
